name;aktiva.passiva;untergruppe;anlageart;jahr;betrag
Bauten auf eigenen Grundstücken und grundstücksgleichen Rechten;aktiva;Anlagevermögen;Sachanlagen;2020;399,068.33
Grundstückswerte eigener bebauter Grundstücke;aktiva;Anlagevermögen;Sachanlagen;2020;383,156.00
Forderungen Miete und Nebenkosten;aktiva;Umlaufvermögen;Forderungen und sonstige Vermögensgegenstände;2020;466.97
Guthaben bei Kreditinstituten (Volksbank);aktiva;Umlaufvermögen;Guthaben bei Kreditinstituten (Volksbank);2020;49,245.79
Gesamtsumme AKTIVA;aktiva;Gesamtsumme AKTIVA;Gesamtsumme AKTIVA;2020;831,937.09
Gezeichnetes Kapital;passiva;Eigenkapital;Gezeichnetes Kapital;2020;25,000.00
 Gewinn- / Verlustvortrag;passiva;Eigenkapital; Gewinn- / Verlustvortrag;2020;0.00
Jahresüberschuss/Jahresfehlbetrag;passiva;Eigenkapital;Jahresüberschuss/Jahresfehlbetrag;2020;129.90
Verbindlichkeiten gegenüber Kreditinstituten (Volksbank);passiva;Verbindlichkeiten;Verbindlichkeiten gegenüber Kreditinstituten (Volksbank);2020;478,811.26
Verbindlichkeiten aus Lieferungen und Leistungen;passiva;Verbindlichkeiten;Verbindlichkeiten aus Lieferungen und Leistungen;2020;145.45
Erhaltene Kautionen;passiva;Verbindlichkeiten;Erhaltene Kautionen;2020;990.00
Direktkredite;passiva;Verbindlichkeiten;Direktkredite;2020;326,860.48
Gesamtsumme PASSIVA;passiva;Gesamtsumme PASSIVA;Gesamtsumme PASSIVA;2020;831,937.09
Bauten auf eigenen Grundstücken und grundstücksgleichen Rechten;aktiva;Anlagevermögen;Sachanlagen;2021;388,900.98
Grundstückswerte eigener bebauter Grundstücke;aktiva;Anlagevermögen;Sachanlagen;2021;383,156.00
Geringwertige Wirtschaftsgüter Sammelposten;aktiva;Anlagevermögen;Sachanlagen;2021;375.20
Typische Stille Beteiligungen;aktiva;Anlagevermögen;Finanzanlagen;2021;71.57
Forderungen Miete und Nebenkosten;aktiva;Umlaufvermögen;Forderungen und sonstige Vermögensgegenstände;2021;41.59
Sonstige Forderungen;aktiva;Umlaufvermögen;Forderungen und sonstige Vermögensgegenstände;2021;320.00
Guthaben bei Kreditinstituten (Volksbank);aktiva;Umlaufvermögen;Guthaben bei Kreditinstituten (Volksbank);2021;49,558.53
Gesamtsumme AKTIVA;aktiva;Gesamtsumme AKTIVA;Gesamtsumme AKTIVA;2021;822,423.87
Gezeichnetes Kapital;passiva;Eigenkapital;Gezeichnetes Kapital;2021;25,000.00
 Gewinn- / Verlustvortrag;passiva;Eigenkapital; Gewinn- / Verlustvortrag;2021;129.90
Jahresüberschuss/Jahresfehlbetrag;passiva;Eigenkapital;Jahresüberschuss/Jahresfehlbetrag;2021;4,580.81
Verbindlichkeiten gegenüber Kreditinstituten (Volksbank);passiva;Verbindlichkeiten;Verbindlichkeiten gegenüber Kreditinstituten (Volksbank);2021;467,479.26
Verbindlichkeiten aus Lieferungen und Leistungen;passiva;Verbindlichkeiten;Verbindlichkeiten aus Lieferungen und Leistungen;2021;149.98
Erhaltene Kautionen;passiva;Verbindlichkeiten;Erhaltene Kautionen;2021;990.00
Direktkredite;passiva;Verbindlichkeiten;Direktkredite;2021;323,453.79
Passive Rechnungsabgrenzung;passiva;Passive Rechnungsabgrenzung;Passive Rechnungsabgrenzung;2021;640.13
Gesamtsumme PASSIVA;passiva;Gesamtsumme PASSIVA;Gesamtsumme PASSIVA;2020;822,423.87
Bauten auf eigenen Grundstücken und grundstücksgleichen Rechten;aktiva;Anlagevermögen;Sachanlagen;2022;378,733.63
Grundstückswerte eigener bebauter Grundstücke;aktiva;Anlagevermögen;Sachanlagen;2022;383,156.00
Geringwertige Wirtschaftsgüter Sammelposten;aktiva;Anlagevermögen;Sachanlagen;2022;281.40
Darlehen an andere Syndikatsprojekte;aktiva;Anlagevermögen;Finanzanlagen;2022;10,000.00
Typische Stille Beteiligungen;aktiva;Anlagevermögen;Finanzanlagen;2022;71.57
Forderungen Miete und Nebenkosten;aktiva;Umlaufvermögen;Forderungen und sonstige Vermögensgegenstände;2022;2,699.36
Sonstige Forderungen;aktiva;Umlaufvermögen;Forderungen und sonstige Vermögensgegenstände;2022;208.61
Guthaben bei Kreditinstituten (Volksbank);aktiva;Umlaufvermögen;Guthaben bei Kreditinstituten (Volksbank);2022;60,082.68
Gesamtsumme AKTIVA;aktiva;Gesamtsumme AKTIVA;Gesamtsumme AKTIVA;2022;835,233.25
Gezeichnetes Kapital;passiva;Eigenkapital;Gezeichnetes Kapital;2022;25,000.00
 Gewinn- / Verlustvortrag;passiva;Eigenkapital; Gewinn- / Verlustvortrag;2022;4,710.71
Jahresüberschuss/Jahresfehlbetrag;passiva;Eigenkapital;Jahresüberschuss/Jahresfehlbetrag;2022;6,408.01
Verbindlichkeiten gegenüber Kreditinstituten (Volksbank);passiva;Verbindlichkeiten;Verbindlichkeiten gegenüber Kreditinstituten (Volksbank);2022;456,021.98
Verbindlichkeiten aus Lieferungen und Leistungen;passiva;Verbindlichkeiten;Verbindlichkeiten aus Lieferungen und Leistungen;2022;237.70
Erhaltene Kautionen;passiva;Verbindlichkeiten;Erhaltene Kautionen;2022;990.00
Direktkredite;passiva;Verbindlichkeiten;Direktkredite;2022;341,861.28
Passive Rechnungsabgrenzung;passiva;Passive Rechnungsabgrenzung;Passive Rechnungsabgrenzung;2022;3.57
Gesamtsumme PASSIVA;passiva;Gesamtsumme PASSIVA;Gesamtsumme PASSIVA;2022;835,233.25
Bauten auf eigenen Grundstücken und grundstücksgleichen Rechten;aktiva;Anlagevermögen;Sachanlagen;2023;368,566.28
Grundstückswerte eigener bebauter Grundstücke;aktiva;Anlagevermögen;Sachanlagen;2023;383,156.00
Betriebsausstattung;aktiva;Anlagevermögen;Sachanlagen;2023;1,728.65
Geringwertige Wirtschaftsgüter Sammelposten;aktiva;Anlagevermögen;Sachanlagen;2023;187.60
Darlehen an andere Syndikatsprojekte;aktiva;Anlagevermögen;Finanzanlagen;2023;10,000.00
Typische Stille Beteiligungen;aktiva;Anlagevermögen;Finanzanlagen;2023;71.57
Forderungen Miete und Nebenkosten;aktiva;Umlaufvermögen;Forderungen und sonstige Vermögensgegenstände;2023;2,599.83
Sonstige Forderungen;aktiva;Umlaufvermögen;Forderungen und sonstige Vermögensgegenstände;2023;208.61
Guthaben bei Kreditinstituten (Volksbank);aktiva;Umlaufvermögen;Guthaben bei Kreditinstituten (Volksbank);2023;23,249.49
Gesamtsumme AKTIVA;aktiva;Gesamtsumme AKTIVA;Gesamtsumme AKTIVA;2023;789,768.03
Gezeichnetes Kapital;passiva;Eigenkapital;Gezeichnetes Kapital;2023;25,000.00
 Gewinn- / Verlustvortrag;passiva;Eigenkapital; Gewinn- / Verlustvortrag;2023;11,118.72
Jahresüberschuss/Jahresfehlbetrag;passiva;Eigenkapital;Jahresüberschuss/Jahresfehlbetrag;2023;1,663.43
Verbindlichkeiten gegenüber Kreditinstituten (Volksbank);passiva;Verbindlichkeiten;Verbindlichkeiten gegenüber Kreditinstituten (Volksbank);2023;444,438.03
Verbindlichkeiten aus Lieferungen und Leistungen;passiva;Verbindlichkeiten;Verbindlichkeiten aus Lieferungen und Leistungen;2023;5,015.58
Verbindlichkeiten gegenüber Gesellschaftern;passiva;Verbindlichkeiten;Verbindlichkeiten gegenüber Gesellschaftern;2023;286.80
Erhaltene Kautionen;passiva;Verbindlichkeiten;Erhaltene Kautionen;2023;1,089.00
Direktkredite;passiva;Verbindlichkeiten;Direktkredite;2023;300,777.90
Passive Rechnungsabgrenzung;passiva;Passive Rechnungsabgrenzung;Passive Rechnungsabgrenzung;2023;378.57
Gesamtsumme PASSIVA;passiva;Gesamtsumme PASSIVA;Gesamtsumme PASSIVA;2023;789,768.03
;;;;;